count,product_title
3,Blush Crush - 3 Items
1,Vinyasa Vibes - 3 Items
1,Street Smarts - 3 Items  Auto renew
3,Wrap Me Up - 3 Items
426,Street Dreams - 3 Items
5,Peace & Pastels - 3 Items  Auto renew
28,Peace & Pastels - 5 Items
1,Fusion Capri (blk/desert flower)
20,Fierce & Floral - 3 Items  Auto renew
2,Drop Top Tee
321,True Blue - 3 Items
1,Blush Crush - 5 Items  Auto renew
784,Knot Your Average - 3 Items
56,True Blue - 5 Items
1,Wixson Jogger (heather grey)
1,Wrap Me Up - 5 Items
1,Seamless Capri Legging (black)
1,Power Surge - 3 Items
1,Never Basic - 5 Items
1,Printed High Waist Legging (peacoat tropical)
1,Infusion Tee (white)
2,Renew Tank (hibiscus)
1,Lexi Singlet (camellia rose)
1,Vinyasa Vibes - 5 Items
1,Lounge Life - 5 Items
1,Gigi High Waist Legging (concord grape)
1419,Fierce & Floral - 5 Items
1,Effie Tank (black)
1,Daphne Legging (black)
1,Tack Back Tank
2,Snug Life - 5 Items
2,350ml Rose Gold Bottle  Auto renew
1,Can You Say Ombre and Seamless Leggings
24,Knot Your Average - 3 Items  Auto renew
9,Fierce & Floral - 5 Items  Auto renew
1,Street Smarts - 5 items  Auto renew
1,My Favorite Ombre Bra
23,Street Smarts - 5 items
80,Street Smarts 2 - 5 items
111,Knot Your Average - 5 Items
1,Celeste Ankle (peacoat)
6,Street Smarts 2 - 5 items  Auto renew
5579,Fierce & Floral - 3 Items
3,Push Capri (wild plum/baked apple)
2,Never Basic - 3 Items
3,Street Dreams - 5 Items  Auto renew
26,Street Smarts 2 - 3 Items  Auto renew
2,Snug Life - 3 Items
1,Celeste Ankle Legging (atlantic deep)
1,Carrie Criss Cross Tummy Control
5,True Blue - 5 Items  Auto renew
1,Jordan Agility Legging
1,Elliot Tank (black)
196,Peace & Pastels - 3 Items
10,3 Months - 3 Items
1,Geraldine Sports Bra (coral reef)
1,Moana Bra (black)
210,Street Smarts - 3 Items
1,Monthly Box
1,High Impact Sports Bra (jungle blue)
2,Palm Tank (black)
68,3 MONTHS
2,"Oh Hey, I See You Tee"
1,VIP 3 Monthly Box
1,Shannon Crop Hoodie (heather grey)
9,Street Dreams - 3 Items  Auto renew
1,Geo Colorblock Capri
1,Solid High Waist Capri (dutch blue)
1,Moana Bra (cerise)
351,Street Smarts 2 - 3 Items
1,Crossover Tank (aubergine glow)
69,Street Dreams - 5 Items
2,3 Months - 5 Items
8,Knot Your Average - 5 Items  Auto renew
1,Score Sleeveless Hoodie (black)
1,Celeste Ankle (baked apple)