product_id,title
1953734787130,Elara Jogger (heather coco)  Auto renew
1892527079482,Elara Jogger (heather tawny port)
1953734885434,Elara Jogger (heather tawny port)  Auto renew
70363250706,Eleana Legging (black shattered glass)
96306298898,Eleana Legging (black shattered glass)
97001439250,Eleana Legging (Plus Size)  Auto renew
9318246802,Geo Colorblock Capri
22330900498,Geo Printed Legging
219147599890,Geraldine Sports Bra (coral reef)
1316744953914,Geraldine Sports Bra (coral reef)  Auto renew
9586361682,Get Edgy With It Capri
10824532690,Gift Card
1352732508218,Gigi High Waist Legging (concord grape)
1498354286650,Gigi High Waist Legging (concord grape)  Auto renew
1352732901434,Gigi High Waist Legging (ombre blue)
1498355564602,Gigi High Waist Legging (ombre blue)  Auto renew
136009973778,Giselle Tunic
138427695122,Give Me Amoré - 5 Item
138427793426,Give Me Amoré - The February Collection (2018)
1828596514874,Give Me Zen - 3 Items  Auto renew
1828556308538,Give Me Zen - 5 Items
1828595990586,Give Me Zen - 5 Items  Auto renew
1828557127738,Give Me Zen - The September Collection (2018)
9978441362,Gliding Core Discs
2076649619514,Gracie Jacket
9805869778,Graphic Crop Singlet
9164053714,Graphic Crop Singlet July
9164055954,Graphic Crop Singlet July VIP
1636117479482,Grip Massager (clear)
22536978450,Hailey Legging
9101720338,Hair Ties
39629520914,Hannah Jogger
39629914130,Hannah Jogger
38405144594,Harley Cardigan
48990355474,Harley Cardigan
123720073234,Harlow Singlet (bright white)
96186925074,Harlow Singlet (carbon)
10666687762,Harmony Pullover Hoodie
2185256009786,Hazel Seamless Sports Bra
109301366802,Heart & Soul - 5 Item
109303332882,Heart & Soul - The January Collection (2018)
10795663314,1 - Pin Point Massager November
9616352210,Heather Black French Terry Jumpsuit
9616391762,Heather Grey French Terry Jumpsuit
2219966169146,Hendrix Legging (Black)
197870256146,High Impact Sports Bra (jungle blue)
210664194066,High Impact Sports Bra (jungle blue)  Auto renew
169177677842,High Limits Capri
192115212306,High Limits Capri  Auto renew
9164034386,1 - Quinn Seamless Sport Bra July
9164035474,1 - Quinn Seamless Sport Bra July VIP
9164314642,1 - Seamless 7/8 Legging August
9164315538,1 - Seamless 7/8 Legging August VIP
91242135570,1 - Skill Legging
10666478930,1 - Sleet Legging October
10666601362,1 - Sleet Legging October VIP
9163668754,1 - Static High Waist 7/8 Tight June
9163886802,1 - Static High Waist 7/8 Tight June VIP
91241971730,1 - Striped Ultra Tank
9164331666,1 - Tack Back Tank August
9164332370,1 - Tack Back Tank August VIP
91242594322,1 - Terri Seamless Sports Bra
91231092754,1 - Tummy Control Laced Ankle Legging
9464288146,1 - Waist Pack June
9464290706,1 - Waist Pack June VIP
10666649490,1 - Yoga Mat Towel October
10666651282,1 - Yoga Mat Towel October VIP
91238694930,1 - Zip Pouch
9978418706,1 - Zip Pouch October
10666635282,1 - Zip Pouch October VIP
9263963218,10 - Limiteless Singlet April
9263965074,10 - Limiteless Singlet April VIP
8937818066,2 - 750ML Form Water Bottle March
9163697170,2 - Amy Sports Bra June
9163878418,2 - Amy Sports Bra June VIP
8717018322,2 - Bally Hot/Cold Massager
9357955538,2 - Brook Mesh Capri
9287896466,2 - Cross Strap Tank June
9287907986,2 - Cross Strap Tank June VIP
9089738002,2 - Dash Legging
219144650770,High Line Capri (peacoat)
1316742168634,High Line Capri (peacoat)  Auto renew
9540381522,High Tide Bra
1892584554554,High Waist Camo Capri (camo smoke wild plum)
1953732100154,High Waist Camo Capri (camo smoke wild plum)  Auto renew
1892593238074,High Waist Camo Short (camo smoke wild plum)
1953730232378,High Waist Camo Short (camo smoke wild plum)  Auto renew
36852826130,Hot & Cold Clay Pack
9534245906,I'm Off To Space Bra
144219537426,Iconic Capri (heather black)
1352612118586,Ignition Crop Tee (concord grape)
1498348978234,Ignition Crop Tee (concord grape)  Auto renew
1352611266618,Ignition Crop Tee (georgia peach)
1498349469754,Ignition Crop Tee (georgia peach)  Auto renew
97029423122,Illusion Cardigan
8937807186,2 - Kelly Sport Bra March
9071218066,2 - Marika Cardio Tank April
9162820946,2 - Marika Cardio Tank April VIP
219457060882,Imogen Tee (heather black)
1316747837498,Imogen Tee (heather black)  Auto renew
10795603282,Impulse Pullover
175535685650,In The Zone - 5 Item
175540207634,In The Zone - The March Collection (2018)
10666741074,Infinity Legging
8716992786,2 - Marika Morgan Molded Cup Sport Bra
8716906898,2 - Marika Shuffle Tee
9227770642,2 - Paula Sport Bra May
9275737938,2 - Paula Sport Bra May VIP
8937815378,2 - Recharge Singlet March
9163346130,2 - Renew Singlet May
9163498962,2 - Renew Singlet May VIP
9163311442,2 - Spliced Capri May
9163469202,2 - Spliced Capri May VIP
9163674514,2 - Vibe Powertek Capri June
9163884178,2 - Vibe Powertek Capri June VIP
8937818962,3 - 750ML Form Water Bottle March
9215090834,3 - Allure Singlet March
9332910034,3 - Ambition Capri May
9163565842,3 - Ambition Capri May VIP
9071135762,3 - Bally Clio Sport Bra May
8937810130,3 - Jaimie Seamless Sport Bra March
9071198866,3 - Marika Cross Over Tank April
9162907410,3 - Marika Cross Over Tank April VIP
9163352978,3 - Track Ready Singlet May
9163522578,3 - Track Ready Singlet May VIP
23729012754,3 MONTHS
9137171154,5 - Fierce Singlet April
9162764754,5 - Fierce Singlet April VIP
9163327506,5 - Spliced Capri May
9163476882,5 - Spliced Capri May VIP
9227755474,5 - Swift Tee May
9275734162,5 - Swift Tee May VIP
9227775186,6 - Ava Curvey Capri May
9275688338,6 - Ava Curvey Capri May VIP
9071255506,6 - Fullfill Tank April
9162813138,6 - Fullfill Tank April VIP
9071235154,6 - Fullfill Tank May
9163432466,6 - Fullfill Tank May VIP
8204584905,6 Month Box
9421083026,6 MONTHS
9227783826,7 - Accelerate Capri May
9227867794,7 - Accelerate Capri May VIP
9070792210,7 - Superior Tank April
9162915282,7 - Superior Tank April VIP
9071282002,7 - Superior Tank May
9275609490,7 - Superior Tank May VIP
207606775826,Infinity Singlet (jungle blue)
220166979602,Infinity Singlet (jungle blue)  Auto renew
219146649618,Infusion Tee (white)
1316744724538,Infusion Tee (white)  Auto renew
1789560553530,Inspire Ankle Tight
217156648978,Intense Singlet (blk/wht)
1789215113274,Inter-Lace High Waist Legging
169134850066,Inverse Legging
9075419986,Is It Mesh Or Is It Me Legging
8630073298,Jan Jamie Seamless Mesh Sports Bra
8630073234,Jan Massage Stick
8630073170,Jan Printed Inset Leggings
8630073362,Jan Zuma Tee
2076698574906,Janice Seamless Sports Bra
2260868005946,Jaxon Jogger (Black)
96238665746,Jocelyn Layering Tee
123735670802,Jocelyn Layering Tee (pink)
1892563746874,Jolene Jogger (black)
1929904816186,Jolene Jogger (black)  Auto renew
1953734590522,Jolene Jogger (black)  Auto renew
1892561911866,Jolene Jogger (heather blackberry cordial)
1953734656058,Jolene Jogger (heather blackberry cordial)  Auto renew
1892562927674,Jolene Jogger (heather charcoal)
1953737080890,Jolene Jogger (heather charcoal)  Auto renew
10111062226,Jordan Agility Legging
10552701650,Jordan Agility Legging  Auto renew
36838309906,Jordan All Star Legging
207611330578,Jordan Engineered Legging (black bent)
220167176210,Jordan Engineered Legging (black bent)  Auto renew
207611396114,Jordan Engineered Legging (lapis blue)
220167208978,Jordan Engineered Legging (lapis blue)  Auto renew
2092433506362,Jordan Mesh Pieced Legging (Atlantic Deep)
2094543405114,Jordan Mesh Pieced Legging (Atlantic Deep)  Auto renew
2092433997882,Jordan Mesh Pieced Legging (Atlantic Deep) - AUTO RENEW
2092413976634,Jordan Mesh Pieced Legging (Heather Grey/Black)
2094542651450,Jordan Mesh Pieced Legging (Heather Grey/Black)  Auto renew
2092429115450,Jordan Mesh Pieced Legging (Heather Grey/Black) - AUTO RENEW
2092410142778,Jordan Mesh Pieced Legging (Tawny Port)
2094544027706,Jordan Mesh Pieced Legging (Tawny Port)  Auto renew
2092410634298,Jordan Mesh Pieced Legging (Tawny Port) - AUTO RENEW
10796243922,Jordan Printed Legging
1892568793146,Jordan Reflective Legging (atlantic deep)
1953732165690,Jordan Reflective Legging (atlantic deep)  Auto renew
1789743956026,Jordan Rib Trim Legging (black iron gate)
1929894133818,Jordan Rib Trim Legging (black iron gate)  Auto renew
1789745496122,Jordan Rib Trim Legging (black)
1929894297658,Jordan Rib Trim Legging (black)  Auto renew
36856201234,Jordan Slash It Legging
197856755730,Jordan Swift Legging (black)
210663964690,Jordan Swift Legging (black)  Auto renew
1789786488890,Jordyn Sports Bra (deep purple)
1929892888634,Jordyn Sports Bra (deep purple)  Auto renew
2092223692858,Josie Cutout Ankle Legging (Atlantic Deep)
2094544748602,Josie Cutout Ankle Legging (Atlantic Deep)  Auto renew
2092224479290,Josie Cutout Ankle Legging (Atlantic Deep) - Auto Renew
2092204720186,Josie Cutout Ankle Legging (Black)
2094547238970,Josie Cutout Ankle Legging (Black)  Auto renew
8708750226,750ml Rose Gold Bottle
9227787858,8 - Accelerate Capri May
2092215697466,Josie Cutout Ankle Legging (Black) - Auto Renew
217173164050,Josie Lace Up Ankle Legging (black)
1316738596922,Josie Lace Up Ankle Legging (black)  Auto renew
217173131282,Josie Lace Up Ankle Legging (mid blue)
1316739022906,Josie Lace Up Ankle Legging (mid blue)  Auto renew
1469716889658,Juliet Legging (black)
9163154834,July Box
9163158482,July VIP Box
36852105234,Jump Rope
144222846994,Juno Legging
91368062994,Kai Top (blanc de blanc)
123803729938,Kai Top (chintz rose)
206604107794,Karla Bra (boxer brawl)
36849352722,Karla Sports Bra
22357213202,Karla Vest
136002404370,Kate Asymmetrical Jacket (h charcoal)
11152457746,Katie Sports Bra
48596123666,Katie Sports Bra  Auto renew
96283197458,Keith Colorblock Capri
1892065869882,Kelly Seamless Sports Bra
9660785234,Kendal Capri- black w/ pink
9661274194,Kendal Capri- H Black w/ Neon Yellow
9164394194,Kendall High Rise Angled Capri August
9164394770,Kendall High Rise Angled Capri August VIP
1366264643642,Kendall High Rise Laser Cut Ankle (black)
1498337214522,Kendall High Rise Laser Cut Ankle (black)  Auto renew
2260881539130,Kenwood Tee (Heather Yellow)
2260870725690,Kenwood Tee (White)
2227252559930,Knot Your Average - 3 Items
2237892132922,Knot Your Average - 3 Items  Auto renew
2227246661690,Knot Your Average - 5 Items
2237892952122,Knot Your Average - 5 Items  Auto renew
9227860306,8 - Accelerate Capri May VIP
9227762962,8 - Reflect Tank May
9275744018,8 - Reflect Tank May VIP
9138495378,8 - Superior Tank April
9162755730,8 - Superior Tank April VIP
9227790098,9 - Accelerate Capri May
9227848786,9 - Accelerate Capri May VIP
9263950226,9 - Amplify Singlet April
9263951698,9 - Amplify Singlet April VIP
1892062101562,Aaliyah Hoodie
1892508008506,Aaliyah Hoodie (heather coco)
1953736917050,Aaliyah Hoodie (heather coco)  Auto renew
1892517609530,Aaliyah Hoodie (heather tawny port)
1953736949818,Aaliyah Hoodie (heather tawny port)  Auto renew
138253762578,Abby Sports Bra
219143307282,"Abigail 22"" Capri (black)"
9163164370,August VIP Box
219077214226,Ava Performance Curvy Capri (black)
2219956371514,Avaya Tank (Rose of Sharon)
224675233810,Back to Black - 3 Items  Auto renew
224674283538,Back to Black - 5 Items
224675135506,Back to Black - 5 Items  Auto renew
224674316306,Back to Black - The June Collection (2018)
2112857243706,Balance 2-Ball Chrome Massager
2154592174138,Balance Ab Wheel
2154593550394,Balance Jump Rope
2112857014330,Balance Neck Massager
8717006802,Bally Jumprope
1352775630906,Celeste Ankle (peacoat)
197322571794,Celeste Ankle Legging
197323128850,Kristin Sports Bra
219145142290,Kristin Sports Bra (coral reef)
1498359857210,Kristin Sports Bra (coral reef)  Auto renew
138427203602,La Vie En Rose - 5 Item
138427301906,La Vie En Rose - The February Collection (2018)
197851938834,Lace Back Ankle Tight (juniper green)
210665668626,Lace Back Ankle Tight (juniper green)  Auto renew
206604042258,Lace Back Capri (surf the web)
44313477138,Laced Up - The April Collection (2017)
48978165778,Lacy Seamless Bra
97001734162,Lacy Seamless Bra  Auto renew
1352693481530,Lana Mid Calf Capri (black/concord grape)
1498352353338,Lana Mid Calf Capri (black/concord grape)  Auto renew
96189743122,Langly Jogger
217173098514,Lattice Mid Calf (cloudy grey camo)
1328675455034,Layla Bra (harbor blue)
48928194578,Layla Legging
135974748178,Layla Legging (black/bright white)
2260727103546,Legend Pant (Black)
11972378642,Leisure Wrap
11976179730,Leisure Wrap
36858822674,Lennox High Waisted Legging
76286427154,Lennox High Waisted Legging  Auto renew
1328806199354,Lenox Capri (harbor blue)
1789904912442,Lexi Capri (black)
9371502738,Brooke High Rise TC Pocket Capri
1894859669562,Lexi Capri (black)  Auto renew
1789920215098,Lexi Capri (greystone)
1894859604026,Lexi Capri (greystone)  Auto renew
1789927850042,Lexi Capri (peacoat)
1894859636794,Lexi Capri (peacoat)  Auto renew
1789911629882,Lexi Capri (quail)
1894859571258,Lexi Capri (quail)  Auto renew
1789925851194,Lexi Capri (wild plum)
1894859505722,Lexi Capri (wild plum)  Auto renew
2219970330682,Lexi Seamless Bra (Eclipse)
217173196818,Lexi Singlet (black)
1316739416122,Lexi Singlet (black)  Auto renew
217173295122,Lexi Singlet (camellia rose)
1316748329018,Lexi Singlet (camellia rose)  Auto renew
217173721106,Lexi Singlet (dutch blue)
1316748918842,Lexi Singlet (dutch blue)  Auto renew
217173590034,Lexi Singlet (harbor blue)
1316749344826,Lexi Singlet (harbor blue)  Auto renew
217173229586,Lexi Singlet (white)
1316739940410,Lexi Singlet (white)  Auto renew
1868067143738,Lily Sports Bra
1642300604474,Lively Layering Top (ballet slipper)
1683772702778,Lively Layering Top (ballet slipper)  Auto renew
1642303062074,Lively Layering Top (heather black)
1683772899386,Lively Layering Top (heather black)  Auto renew
1781734473786,Lively Layering Top (heather charcoal)
1929894232122,Lively Layering Top (heather charcoal)  Auto renew
123539685394,London Legging (heather black)
1924849664058,Lounge Life - 3 Items  Auto renew
1918045159482,Lounge Life - 5 Items
1930396663866,Lounge Life - 5 Items  Auto renew
1918047453242,Lounge Life - The October Collection (2018)
1828598218810,Love and Light - 3 Items  Auto renew
1828558078010,Love and Light - 5 Items
1828596645946,Love and Light - 5 Items  Auto renew
1828559061050,Love and Light - The September Collection (2018)
9540539474,Lucky Danish Sports Bra
2154554425402,Brooklyn Legging
1892570169402,Luminous Hoodie (black)
1953732263994,Luminous Hoodie (black)  Auto renew
2092439797818,Luminous Legging
2094546878522,Luminous Legging  Auto renew
2092441043002,Luminous Legging - AUTO RENEW
97031323666,Luna Jogger
1789944332346,Lunar Capri (greystone)
1894859538490,Lunar Capri (greystone)  Auto renew
1789939974202,Lunar Capri (peacoat)
1894860750906,Lunar Capri (peacoat)  Auto renew
1789936697402,Lunar Capri (quail)
1894860816442,Lunar Capri (quail)  Auto renew
1789939155002,Lunar Capri (wild plum)
1894860849210,Lunar Capri (wild plum)  Auto renew
36790501394,Luxe Crop Top
169131704338,Lynn Sports Bra
2259034046522,Maci Sport Bra (Plum Kitten)
10110598610,Madison Double Drape Tank
2076601385018,Malina Legging
2260950483002,Mari Singlet (Buff Yellow)
2260941176890,Mari Singlet (Heather Black)
2260947796026,Mari Singlet (White)
97033879570,Mariana Sports Bra
8716841298,Marika Dash Printed Legging
10726048338,Marina Legging
219454996498,Marisole Tank (h blue curacao)
1316747051066,Marisole Tank (h blue curacao)  Auto renew
219455127570,Marisole Tank (h charcoal)
1316747378746,Marisole Tank (h charcoal)  Auto renew
2259037421626,Marissa Legging (Plum Kitten)
197863473170,Marley Ankle Legging (chinois green)
210664161298,Marley Ankle Legging (chinois green)  Auto renew
9164387090,Matrix Sleeveless Hoodie
2219975442490,Maxine Jacket (White)
9163094162,May Box
207131279378,May Flowers - 5 Items
207131443218,May Flowers - The May Collection (2018)
9163106386,May VIP Box
1778624921658,Meet Your Match - 3 Items  Auto renew
1719728111674,Meet Your Match - 5 Items
1778619449402,Meet Your Match - 5 Items  Auto renew
1719732535354,Meet Your Match - The August Collection (2018)
70344998930,Melodie Mesh Panel Legging (black)
97001177106,Melodie Mesh Panel Legging (Plus Size)  Auto renew
1549422395450,Melody Bra- june 18 sub
124081111058,Melody Hoodie
48984686610,Melody Sports Bra
10111032594,Mercy Tee
68710170642,Mercy Tee (black)
91358363666,Mercy Tee (marshmellow)
97007992850,Mercy Tee (Plus Size)  Auto renew
9586438290,Mesh Around Capri
96232767506,Mesh Insert Bra
115626147858,Mesh Insert Bra  Auto renew
123544895506,Mesh Insert Bra (ombre blue)
163337633810,Mesh Insert Bra (ombre blue)  Auto renew
138420715538,Mesh Running Cap
123812675602,Milo Pant (black)
123728560146,Mindy Singlet
163337830418,Mindy Singlet  Auto renew
48941170706,Mix Media Ankle Legging
96300466194,Mix Media Capri
96227295250,Mix Media Tee
197322997778,Mixed Illusion Ankle Legging
1366219587642,Moana Bra (black)
1498334789690,Moana Bra (black)  Auto renew
1366222962746,Moana Bra (cerise)
1498335412282,Moana Bra (cerise)  Auto renew
206602141714,Moana Sports Bra (peacoat white floral)
91236368402,Modern Muse - 5 Item
91236466706,Modern Muse - The January Collection (2018)
1469695754298,Molded Cup Bra (black)
115465781266,Molly Legging  Auto renew
135981236242,Molly Legging (black)
97030471698,Molly Legging (heather grey)
1892588027962,Molly Side Pocket Legging (black)
1953730199610,Molly Side Pocket Legging (black)  Auto renew
1892587470906,Molly Side Pocket Legging (shark)
1953730297914,Molly Side Pocket Legging (shark)  Auto renew
2212042473530,Momentum Legging ( Black Distort Color)
2212031791162,Momentum Legging (Magenta Purple Distort Color)
96294600722,Monroe Singlet (black)
114659852306,Monroe Singlet (black)  Auto renew
1892585635898,Motion Tank (heather flint)
169131147282,Moxie Singlet
9144213010,My Favorite Ombre Bra
44392644626,Neon Dreams - The February Collection (2017)
2188525928506,Never Basic - 3 Items  Auto renew
2185229860922,Never Basic - 5 Items
2188527599674,Never Basic - 5 Items  Auto renew
2185227010106,Never Basic - The December Collection (2018)
2259039191098,Nicole Seamless Sport Bra (Violet Tulip)
2220092555322,Nicole Seamless Sport Bra (White)
2076656042042,Nicole Seamless Sports Bra
2154582540346,Niko Sports Bra
9164539538,November Box
9164541458,November VIP Box
9164527058,October Box
9164527890,October VIP Box
9144202514,"Oh Hey, I See You Tee"
206602797074,Olive Tee (griffin)
135976615954,Olivia High Rise Tummy Control Legging (cabernet)
163340517394,Olivia High Rise Tummy Control Legging (cabernet)  Auto renew
2092391727162,Olympia Legging
2094542946362,Olympia Legging  Auto renew
2092394381370,Olympia Legging - AUTO RENEW
197323522066,One Zip Waist Pack
144196927506,Optic Legging
1675399692346,Orbit Seamless Sports Bra (black)
1683777814586,Orbit Seamless Sports Bra (black)  Auto renew
1675397070906,Orbit Seamless Sports Bra (blue depths)
1683778142266,Orbit Seamless Sports Bra (blue depths)  Auto renew
2238985601082,Pace Mid Calf
1352658780218,Palm Tank (black)
1498350878778,Palm Tank (black)  Auto renew
219431305234,Panel Capri (black crystal poppy)
1316745773114,Panel Capri (black crystal poppy)  Auto renew
219431534610,Panel Capri (multi brush stroke)
1316746395706,Panel Capri (multi brush stroke)  Auto renew
2226413174842,Peace & Pastels - 3 Items
2237902815290,Peace & Pastels - 3 Items  Auto renew
2226411667514,Peace & Pastels - 5 Items
2237903110202,Peace & Pastels - 5 Items  Auto renew
2092262457402,Peak Jacket (Atlantic Deep)
2092264882234,Peak Jacket (Atlantic Deep) - Auto Renew
2092272877626,Peak Jacket (Heather Grey/Black)
2094540980282,Peak Jacket (Heather Grey/Black)  Auto renew
2092277104698,Peak Jacket (Heather Grey/Black) - Auto Renew
2092281757754,Peak Jacket (Tawny Port)
2094544584762,Peak Jacket (Tawny Port)  Auto renew
2092283658298,Peak Jacket (Tawny Port) - Auto Renew
11981848594,Penny Sports Bra
2220091539514,Petal Ankle Legging
169163653138,Peyton Sports Bra
192114556946,Peyton Sports Bra  Auto renew
1675207737402,Pipeline Ankle (black)
1683776634938,Pipeline Ankle (black)  Auto renew
1365768896570,Pipeline Ankle (midnight blue)
1498340425786,Pipeline Ankle (midnight blue)  Auto renew
97031159826,Piper Poncho Hoodie
96223395858,Player Legging
39639285778,Ponte Travel Pant
39639744530,Ponte Travel Pant
69026938898,Power Moves - The December Collection (2017)
96342802450,Power Moves - The December Collection (2017)
1778644779066,Power Surge - 3 Items  Auto renew
1719710810170,Power Surge - 5 Items
1778643304506,Power Surge - 5 Items  Auto renew
1719715201082,Power Surge - The August Collection (2018)
1508549427258,Print Paradise - 3 Items  Auto renew
1446647234618,Print Paradise - 5 Items
1508553392186,Print Paradise - 5 Items  Auto renew
1446651330618,Print Paradise - The July Collection (2018)
219146092562,"Printed 22"" Capri (black aruba blue tropic)"
1316743446586,"Printed 22"" Capri (black aruba blue tropic)  Auto renew"
96239878162,Printed Aria Legging
2220095045690,"Printed High Waist 25"" Legging"
1789780197434,Printed High Waist Capri (georgia peach ink)
1929891577914,Printed High Waist Capri (georgia peach ink)  Auto renew
1789776330810,Printed High Waist Capri (greystone floral mix)
1929891512378,Printed High Waist Capri (greystone floral mix)  Auto renew
1789771382842,Printed High Waist Capri (wild plum faded roses)
1894858457146,Printed High Waist Capri (wild plum faded roses)  Auto renew
1789773316154,Printed High Waist Capri (woodrose floral clouds)
1894858391610,Printed High Waist Capri (woodrose floral clouds)  Auto renew
1352823504954,Printed High Waist Legging (peacoat tropical)
1498357039162,Printed High Waist Legging (peacoat tropical)  Auto renew
207605825554,Printed Powertek Legging (blk/wht)
220166684690,Printed Powertek Legging (blk/wht)  Auto renew
197855674386,Printed Powertek Legging (fiesta pink)
210663899154,Printed Powertek Legging (fiesta pink)  Auto renew
144223830034,Progressive Legging
154590806034,Progressive Legging  Auto renew
1352679063610,Push Capri (wild plum/baked apple)
1498351566906,Push Capri (wild plum/baked apple)  Auto renew
8204566793,Quarterly Box
197323194386,Race Capri
48962437138,Racerback Tank
197323292690,Rachel Sports Bra (balsam green)
169171320850,Rachel Sports Bra (blue bolt)
192114786322,Rachel Sports Bra (blue bolt)  Auto renew
220784164882,Rachel Sports Bra (forest night)
96196788242,Railroad Legging
2238792597562,Range Tank (Black)
2238777884730,Range Tank (Dusty Blue/ White)
2239057756218,Raven Singlet (Black)
2239062605882,Raven Singlet (White)
169183215634,Raya Tank (starry night)
192115310610,Raya Tank (starry night)  Auto renew
44389597202,"Red-y, Set, Go - The January Collection (2017)"
96198426642,Reese Long Legging
197863374866,Regina Tee (chinois green)
210664095762,Regina Tee (chinois green)  Auto renew
97032601618,Reina Tee
136000208914,Reina Tee (black)
1675204460602,Releve Lounge Pant (black)
1683776405562,Releve Lounge Pant (black)  Auto renew
36756029458,Remi Sports Bra
137291235346,Remington Legging
1365854847034,Renew Long Sleeve (black)
1498338787386,Renew Long Sleeve (black)  Auto renew
1365853995066,Renew Long Sleeve (blue depths)
1498339049530,Renew Long Sleeve (blue depths)  Auto renew
1352634138682,Renew Tank (hibiscus)
1498339278906,Renew Tank (hibiscus)  Auto renew
1365947187258,Renew Tee (black)
1498339508282,Renew Tee (black)  Auto renew
1789251387450,Replay Legging
2238953914426,Resistance Bands (Blush)
10726091538,Resistance Hoodie
2238794334266,Restless Tee (Black)
2239114444858,Restless Tee (Black)
2238826217530,Restless Tee (Fair Aqua)
2238930550842,Restless Tee (Violet Tulip)
2238820286522,Restless Tee (White)
2239120146490,Restless Tee (White)
1789228941370,Reverse Sleeveless Hoodie
2076570386490,Reversible Blanket Wrap
38414581778,Reversible Wrap
38415564818,Reversible Wrap
1365669445690,Revolve Sports Bra
1498341867578,Revolve Sports Bra (black)  Auto renew
96268419090,Rhapsody Crisscross Top
96265568274,Rhapsody Crisscross Top (juniper green)
207606251538,Riley Tee (h blue curacao)
220167536658,Riley Tee (h blue curacao)  Auto renew
169180463122,Riptied Capri
192115277842,Riptied Capri  Auto renew
169132130322,Rock Geo Capri
224675037202,Rosé All Day - 3 Items  Auto renew
224674086930,Rosé All Day - 5 Items
224674971666,Rosé All Day - 5 Items  Auto renew
224674119698,Rosé All Day - The June Collection (2018)
2260723433530,Rosemary Tee (Navy Peony)
207611133970,Ruby Sports Bra (heather charcoal)
220167110674,Ruby Sports Bra (heather charcoal)  Auto renew
9012464082,Run In The Dark Racerback Tee
9586277714,Run It Tank
41924984850,Run the World - The June Collection (2017)
197986385938,Running Wild - 5 Item
197986877458,Running Wild - The April Collection (2018)
70375243794,Salina Strappy Long Sleeve
138252746770,Savvy Ankle Tight
197854560274,Score Sleeveless Hoodie (black)
210663833618,Score Sleeveless Hoodie (black)  Auto renew
197854265362,Score Sleeveless Hoodie (h grey)
210663866386,Score Sleeveless Hoodie (h grey)  Auto renew
2219974131770,Sculpt Ankle Legging (Eclipse)
206603878418,Sculpt Tee (black)
206602567698,Sculpting Band
9266380946,Seamless 7/8 Legging
217157271570,Seamless Ankle Legging (black)
1393316102202,Seamless Capri Legging (black)
1498337574970,Seamless Capri Legging (black)  Auto renew
10796263122,Seamless Dip Dye Legging
1789203644474,Seamless Jacket
2154569629754,Seamless Sharon Sports Bra
207605923858,Seamless Tank (black)
220167372818,Seamless Tank (black)  Auto renew
207606022162,Seamless Tank (coral reef)
1498360512570,Seamless Tank (coral reef)  Auto renew
1508540219450,Seeing Stars - 3 Items  Auto renew
1446656999482,Seeing Stars - 5 Items
1508544643130,Seeing Stars - 5 Items  Auto renew
1446660702266,Seeing Stars - The July Collection (2018)
124129214482,Selina Hoodie
39623360530,Selina Jogger
48986947602,Selina Jogger
9164512658,September Box
9164514770,September VIP Box
11957108754,Serena Layering Top
144217702418,Serena Tank (black)
135972126738,Serenade Top
91364065298,Set Go Woven Jogger
175541026834,Set The Pace - 5 Item
175541518354,Set The Pace - The March Collection (2018)
96197443602,Shailene Floral Legging
1461936554042,Shannon Crop Hoodie (heather grey)
1498335674426,Shannon Crop Hoodie (heather grey)  Auto renew
97029980178,Shift Long Sleeve Top
97030045714,Shift Long Sleeve Top (burnt olive)
115465617426,Shift Long Sleeve Top (burnt olive)  Auto renew
123526578194,Show Stopper Singlet (black)
123528445970,Show Stopper Singlet (cabernet)
214571712530,Sienna Capri (wild plum/valerian)
36836016146,Sierra Active Hoodie
2260655013946,Sierra Active Hoodie (Suave Mauve)
97001799698,Sierra Sports Bra (Plus Size)  Auto renew
70316523538,Sierra Sports Bra (white)
207131967506,Sky's The Limit - 5 Items
207132033042,Sky's The Limit - The May Collection (2018)
39624507410,Skye Cowl Hoodie
75266949138,Skye Cowl Hoodie
2211101868090,Skylar Sport Bra- Coco
217157206034,Skylar Sports Bra (black)
135972487186,Skylar Sports Bra (deep purple)
163339304978,Skylar Sports Bra (deep purple)  Auto renew
138255761426,Skylar Sports Bra (magenta purple)
169170337810,Skylar Sports Bra (majolica blue)
192114655250,Skylar Sports Bra (majolica blue)  Auto renew
169170468882,Skylar Sports Bra (peacoat)
1868068192314,Slash Legging
1365841444922,Sliced Ankle (blue depths)
1498339704890,Sliced Ankle (blue depths)  Auto renew
2238966005818,Sliding Core Discs (Blush)
1892053155898,Snap Armband
9586394258,Sneak a Tank
2188491882554,Snug Life - 3 Items  Auto renew
2154515857466,Snug Life - 5 Items
2188496666682,Snug Life - 5 Items  Auto renew
2163296698426,Snug Life - The December Collection (2018)
2260669988922,Sofia Seamless Sport Bra ( Black )
1892136714298,Sofia Seamless Sports Bra
217173852178,"Solid High Waist 22"" Capri (black)"
1498348322874,"Solid High Waist 22"" Capri (black)  Auto renew"
1675334385722,Solid High Waist Capri (coco)
1894860685370,Solid High Waist Capri (coco)  Auto renew
219144519698,Solid High Waist Capri (dutch blue)
1316741677114,Solid High Waist Capri (dutch blue)  Auto renew
1675327766586,Solid High Waist Capri (flint)
1675318689850,Solid High Waist Capri (peacoat)
1683779027002,Solid High Waist Capri (peacoat)  Auto renew
1675321114682,Solid High Waist Capri (shark)
1683779387450,Solid High Waist Capri (shark)  Auto renew
1892042473530,Solid Stretch Headband
44302860306,Space Race - The July Collection (2017)
217156386834,Speed & Agility Ladders
44316622866,Spring Forward - The March Collection (2017)
169172828178,Spring Singlet (black)
192114884626,Spring Singlet (black)  Auto renew
48216571922,Squad Goals - The May Collection (2017)
1377775386682,Stability Ankle (black)
1498341048378,Stability Ankle (black)  Auto renew
2260954644538,Stella Jacket (Eclipse)
2220054937658,Stella Seamless Bra
219144028178,Stella Strappy Capri (heather charcoal)
1316740825146,Stella Strappy Capri (heather charcoal)  Auto renew
214569746450,Stella Tank (lotus pink)
219143602194,Strappy Capri (black)
1498347634746,Strappy Capri (black)  Auto renew
2211131523130,Streak Ankle- Black
2211128836154,Streak Ankle- Deep Forest
1918042636346,Street Dreams - 3 Items
1924806180922,Street Dreams - 3 Items  Auto renew
1918039687226,Street Dreams - 5 Items
1924801101882,Street Dreams - 5 Items  Auto renew
2154512613434,Street Smarts - 3 Items
2188530778170,Street Smarts - 3 Items
2156332908602,Street Smarts - 3 Items  Auto renew
2144938426426,Street Smarts - 5 items
2188532875322,Street Smarts - 5 items
2188207980602,Street Smarts - 5 items  Auto renew
2196272807994,Street Smarts 2 - 3 Items  Auto renew
2188543328314,Street Smarts 2 - 5 items  Auto renew
2238997168186,Stride Ankle
207608872978,Strike Ankle Tight (peacoat)
220167045138,Strike Ankle Tight (peacoat)  Auto renew
207609364498,Strike Ankle Tight (starry night/papaya)
220167077906,Strike Ankle Tight (starry night/papaya)  Auto renew
144199647250,Striped Printed Tank (dazzling blue)
144199254034,Striped Printed Tank (pink glo)
197322342418,Striped Strappy Crop Tank
10726104658,Stronger LS Tee
135998472210,Studio Jacket
135983071250,Studio Jogger (h midnight blue)
1675281629242,Summit Tee (ballet slipper)
1683778437178,Summit Tee (ballet slipper)  Auto renew
1675283333178,Summit Tee (heather charcoal)
1683778666554,Summit Tee (heather charcoal)  Auto renew
2154519232570,Sung Life - 3 Items
2154519724090,Sung Life - 3 Items (Auto Renew)
1636103651386,Super Loop Band (pale pink)
169197764626,Surge Ankle Tight
192115146770,Surge Ankle Tight  Auto renew
96234471442,Sutton Tank (black)
115625852946,Sutton Tank (black)  Auto renew
169168011282,Sutton Tank (fanfare)
192114589714,Sutton Tank (fanfare)  Auto renew
2260958675002,Suzy Ankle (Cacti Sunset)
138427465746,Sweetest Thing - 5 Item
138427596818,Sweetest Thing - The February Collection (2018)
2154550460474,Swing Singlet
96313344018,Sydney Sports Bra (grey)
187893481490,Sydney Sports Bra (muscari blue)
169171943442,Sync Short
192114819090,Sync Short  Auto renew
9164372050,Tack Back Tank
9164373010,Tack Back Tank August VIP
9164380498,Tack Back Tank Black August
9164381138,Tack Back Tank Black August VIP
22480912402,Tanner Hoodie
1409604649018,Taylor Seamless Jacket (black)
1498338558010,Taylor Seamless Jacket (black)  Auto renew
207606349842,Taylor Tank (blue curacao)
220166815762,Taylor Tank (blue curacao)  Auto renew
1918081269818,Tek Fleece Legging
68647878674,Terra Trapeze Tee (heather white)
97007796242,Terra Trapeze Tee (Plus Size)  Auto renew
217156354066,Terry Wrist Bands
169133801490,Tessa Sports Bra
137205415954,Teva Tank
197858492434,Teva Tank (black)
210663997458,Teva Tank (black)  Auto renew
2259036012602,Teva Tank (Heather Crystal Rose)
8874747026,The FEBRUARY BOX
9012056210,THE ORIGINAL ELLIE WATER BOTTLE - (Don't Use)
52116979730,THE ORIGINAL ELLIE WATER BOTTLE - ROSE GOLD  Auto renew
1930401415226,Think Pink - 3 Items  Auto renew
1918033133626,Think Pink - 5 Items
1924814274618,Think Pink - 5 Items  Auto renew
1918032609338,Think Pink - The October Collection (2018)
206602666002,Three Ball Muscle Massager
197856591890,Thyra Legging (black)
210663931922,Thyra Legging (black)  Auto renew
123500855314,Tiana Racerback Tank (black)
219144323090,Tide Singlet (h fiesta pink)
1316741218362,Tide Singlet (h fiesta pink)  Auto renew
135963279378,Tierra Legging
1645379813434,Tierra Tummy Control (chocolate torte)
1683775422522,Tierra Tummy Control (chocolate torte)  Auto renew
1469888790586,Tierra Tummy Control High Rise Legging (tawny port)
68717772818,Tinley Tee
68718886930,Tinley Tee
192115081234,Toning Singlet  Auto renew
169191014418,Toning Singlet (muscari blue)
2239037866042,Tonya Tank (Bright Rose)
2239044649018,Tonya Tank (Buff Yellow)
2239030689850,Tonya Tank (Eclipse)
2239041765434,Tonya Tank (White)
2211105243194,Tori Dip Dye Bra- Heather Charcoal
1778637897786,Tough Luxe - 3 Items  Auto renew
1719720935482,Tough Luxe - 5 Items
1778635964474,Tough Luxe - 5 Items  Auto renew
1719724507194,Tough Luxe - The August Collection (2018)
36741021714,Track Ankle Legging
1328637182010,Tristin Singlet (harbor blue)
2226409963578,True Blue - 3 Items
2237897441338,True Blue - 3 Items  Auto renew
2226391941178,True Blue - 5 Items
2237898391610,True Blue - 5 Items  Auto renew
2212105617466,Twisted Tank (Black)
2212049092666,Twisted Tank (Veiled Rose)
123538210834,Two Step Legging (black)
163337404434,Two Step Legging (black)  Auto renew
1789948624954,Unity Ankle Legging (black chevron)
1894860783674,Unity Ankle Legging (black chevron)  Auto renew
2238183178298,V-set Tummy Control Legging (Heather Charcoal)
2239140659258,V-set Tummy Control Leggings
48979836946,Vanessa Sports Bra
206603386898,Vanessa Sports Bra (magenta purple)
144208822290,Vanessa Tank (pink blast)
1365615050810,Varsity Hoodie (black)
1498342326330,Varsity Hoodie (black)  Auto renew
2154579329082,Veda Hoodie
2076663349306,Vent Legging
48879566866,Vicki Ankle Legging
1828595367994,Vinyasa Vibes - 3 Items  Auto renew
1828550213690,Vinyasa Vibes - 5 Items
1828594090042,Vinyasa Vibes - 5 Items  Auto renew
1828555587642,Vinyasa Vibes - The September Collection (2018)
9109818066,VIP 3 Month Box
9175678162,VIP 3 Monthly Box
1508523147322,Vitamin Sea - 3 Items  Auto renew
1446664306746,Vitamin Sea - 5 Items
1508537106490,Vitamin Sea - 5 Items  Auto renew
1446669287482,Vitamin Sea - The July Collection (2018)
29643505682,Wanderlust - The October Collection (2017)
10796208082,Warm Up Legging
169161261074,Warm Up Legging
97007730706,Warm Up Legging  Auto renew
192115376146,Warm Up Legging  Auto renew
18218909714,Warm Up Legging bundle
224675364882,Weekend Warrior - 3 Items  Auto renew
224674381842,Weekend Warrior - 5 Items
224675299346,Weekend Warrior - 5 Items  Auto renew
224674447378,Weekend Warrior - The June Collection (2018)
207131705362,Wild Orchid - 5 Items
207131803666,Wild Orchid - The May Collection (2018)
1892572528698,Willow Pant (black)
1953734754362,Willow Pant (black)  Auto renew
2092149178426,Wine & Roses - 3 Items  Auto renew
2076520939578,Wine & Roses - 5 Items
2092150227002,Wine & Roses - 5 Items  Auto renew
2076495052858,Wine & Roses - The November Collection (2018)
1643284594746,Winona Singlet (ballet slipper)
1683773784122,Winona Singlet (ballet slipper)  Auto renew
1462046588986,Wixson Jogger (heather grey)
1498336100410,Wixson Jogger (heather grey)  Auto renew
10111047570,Work It Legging
2089102573626,Wrap Me Up - 3 Items  Auto renew
2076477653050,Wrap Me Up - 5 Items
2089102114874,Wrap Me Up - 5 Items  Auto renew
2076469657658,Wrap Me Up - The December Collection (2018)
97098072082,Wren Cape
141718749202,Yoga Boy Short 2-Pack (nude)
141719306258,Yoga Boy Short 2-Pack (poppy)
141720027154,Yoga Boy Short 2-Pack (sky blue)
9673726418,Yoga Boyshort Panty- poppy
9673750482,Yoga Boyshort Panty- sky blue
9673671186,Yoga Boyshort Panty-Black
9673704594,Yoga Boyshort Panty-nude
1789220519994,Yoga Grip Gloves
8937816402,Yoga Mat Towels
1789218160698,Yoga Stretch Strap
141716586514,Yoga Thong 2-Pack (black)
141717176338,Yoga Thong 2-Pack (nude)
141717995538,Yoga Thong 2-Pack (poppy)
9673763538,Yoga Thong Panty- black
9673779026,Yoga Thong Panty- nude
9673797906,Yoga Thong Panty- poppy
2154586636346,Yvonne Jogger
169169485842,Zaire Capri
1469813096506,Zenergy Legging (forest night camo)
2239050809402,Zilla Tee (Black)
2226406195258,Zobha Sliding Core Discs
8937812562,1 -  Intrigue Singlet March
8937817682,1 - 750ML Form Water Bottle March
9775806290,1 - Ab Wheel July
9775803730,1 - Ab Wheel July VIP
109177372690,1 - Alicia Hoodie
9163304722,1 - Ambition Capri May
9332919570,1 - Ambition Capri May VIP
9163686290,1 - Amy Sports Bra June
9163880850,1 - Amy Sports Bra June VIP
10408633042,1 - Annabell Sport Bra September
10110720402,1 - Annabell Sport Bra September VIP
10666540818,1 - Arctic Asymmetrical Jacket October
10666541074,1 - Arctic Asymmetrical Jacket October VIP
9164114194,1 - Arm Wallet May
9164116818,1 - Arm Wallet May VIP
9164016018,1 - Ava Progressive Space Dye Capri July
9164018130,1 - Ava Progressive Space Dye Capri July VIP
8716860498,1 - Balance Energy Singlet
10110829138,1 - Balance Grip Socks September
10110820562,1 - Balance Grip Socks September VIP
9070626642,1 - Balance Lexi Legging April
9162730578,1 - Balance Lexi Legging April VIP
10110795474,1 - Balance Tricolor Yoga Block September
10110811282,1 - Balance Tricolor Yoga Block September VIP
9162675922,1 - Bally Clio Sport Bra April VIP
8717013778,1 - Bally Hot/Cold Massager
9163336338,1 - Cardio Tank May
9163485842,1 - Cardio Tank May VIP
10666516754,1 - Champ Tee October
10666605906,1 - Champ Tee October VIP
109176946706,1 - Charlie Sports Bra
9164343250,1 - Chloe Seamless Sport Bra August
9164343890,1 - Chloe Seamless Sport Bra August VIP
10795615058,1 - Cozy Legging November
10795634130,1 - Cozy Wrap November
9164040786,1 - Energize Singlet July
9164047378,1 - Energize Singlet July VIP
9163712210,1 - Energy Halter Tank June
9163866322,1 - Energy Halter Tank June VIP
9164144850,1 - Hair Ties July
9164145618,1 - Hair Ties July VIP
9164114834,1 - Hand Therapy Balls May
9164118034,1 - Hand Therapy Balls May VIP
109176487954,1 - Intensify Legging
8937804178,1 - Jackie Seamless Sport Bra March
10110687698,1 - Jordan Evade Legging September
10110667218,1 - Jordan Evade Legging September VIP
91230011410,1 - Lea Seamless Sports Bra
10110625554,1 - Madison Double Drape Tank September VIP
9071384466,1 - Magnetic Towel April
9162663762,1 - Magnetic Towel April VIP
8937785810,1 - Malibu Legging March
10795693650,1 - Marble Massager November
9071392914,1 - Marika Headband April
9162653010,1 - Marika Headband April VIP
9070661650,1 - Marika Intrigue Singlet April
9162717522,1 - Marika Intrigue Singlet April VIP
8716933906,1 - Marika Morgan Molded Cup Sport Bra
10110319954,1 - Marika Toning Bands Medium August
10110335378,1 - Marika Toning Bands Medium August VIP
9978449938,1 - Marika Zip Pouch October VIP
91226374162,1 - Matte Graphic Tank
9163371346,1 - Paula Sport Bra May
9163556818,1 - Paula Sport Bra May VIP
91239284754,1 - Performance Loops
10301516626,3 MONTHS  Auto renew
2209786298426,3 Months - 3 Items
2243360030778,3 Months - 3 Items  Auto renew
2209789771834,3 Months - 5 Items
2243359604794,3 Months - 5 Items  Auto renew
8993522642,350ml Rose Gold Bottle
10301497298,350ml Rose Gold Bottle  Auto renew
8937819410,4 - 750ML Form Water Bottle March
9137149842,4 - Allure Singlet April
9162807186,4 - Allure Singlet April VIP
9163361106,4 - Baja Singlet May
9163541394,4 - Baja Singlet May VIP
9163319826,4 - Spliced Capri May
9163447314,4 - Spliced Capri May VIP
1498346979386,"Abigail 22"" Capri (black)  Auto renew"
1366089564218,Abigail Pullover (atlantic deep)
1498332987450,Abigail Pullover (atlantic deep)  Auto renew
1469859135546,Abigail Pullover (black)
1642276585530,Abigail Pullover (tawny port)
1820697231418,Abigail Pullover (tawny port)  Auto renew
217172967442,Active Heartbreaker Tank (white)
197873795090,Ada Sports Bra (black space dye)
210664226834,Ada Sports Bra (black space dye)  Auto renew
1469802381370,Ada Sports Bra (black)
123547910162,Addison Capri (sandlines blue)
219145895954,Addison Mid Calf (heather grey)
1316742955066,Addison Mid Calf (heather grey)  Auto renew
144206725138,Adore Cut Out Legging
97008091154,Adrenaline Jacket
68723474450,Adriana Sports Bra (black/white)
97008222226,Adriana Sports Bra (Plus Size)  Auto renew
197986910226,After Dark - 5 Item
197987074066,After Dark - The April Collection (2018)
175542304786,All-Star - 5 Item
175542632466,All-Star - The March Collection (2018)
1892590223418,Alli Capri (black)
1892558569530,Allie Cowl (black)
1953734721594,Allie Cowl (black)  Auto renew
1892557750330,Allie Cowl (heather blackberry cordial)
1953730265146,Allie Cowl (heather blackberry cordial)  Auto renew
1892558012474,Allie Cowl (heather charcoal)
1953732132922,Allie Cowl (heather charcoal)  Auto renew
26486177810,Alyssa Legging
48991731730,Alyssa Legging
2260667662394,Amanda Ankle Legging (Shark Soft Floral Stems)
1469877616698,Amanda Seamless Sports Bra (tawny port)
39483146258,Amanda Sports Bra
124121350162,Angela Cardigan (heather black)
124123676690,Angela Cardigan (heather grey)
1365536276538,Angle Sculpt Hot Short (black)
1498343145530,Angle Sculpt Hot Short (black)  Auto renew
2219957223482,Annabell Sports Bra (Black)
9163049362,April Box
9163057234,April VIP Box
68720590866,Arabella Legging (black)
97008123922,Arabella Legging (Plus Size)  Auto renew
2259049906234,Ariel Jogger (Heather Light Grey)
2212029661242,Asana Crop Hoodie (Black)
2212021174330,Asana Jogger (Black)
2154566680634,Ashley Pullover Hoodie
207606611986,Aspire Tee (starry night)
220166881298,Aspire Tee (starry night)  Auto renew
1892092543034,Asymmetrical 1/4 Zip Jacket
1352446607418,Athlete Mesh Hoodie (white)
73539387410,Atomic Tee (blue depths)
97001406482,Atomic Tee (Plus Size)  Auto renew
1789209968698,Audrey Sports Bra
2220093407290,Audrey Tee (Heather Fair Aqua)
9163161042,August Box
10796222738,Basic High Waist Legging
41411346450,Be Bold - The August Collection (2017)
219143372818,Beatrice Capri (black)
1498345701434,Beatrice Capri (black)  Auto renew
9616476818,Black Crop Mesh Hoodie
96190464018,Blocked Slim Boot Pant
1352518762554,Blocked Tempo Legging
1359335948346,Blossom Tee (heather white)
1498344652858,Blossom Tee (heather white)  Auto renew
2154559995962,Blush Crush - 3 Items
2188518850618,Blush Crush - 3 Items  Auto renew
1366016655418,Celeste Ankle Legging (atlantic deep)
2154524049466,Blush Crush - 5 Items
2188520521786,Blush Crush - 5 Items  Auto renew
97015595026,Boost Motto Legging
1675185291322,Brandy Cozy Hoodie (black)
1683775914042,Brandy Cozy Hoodie (black)  Auto renew
10795714450,Brandy Tee
1683773161530,Christy Sports Bra (black)  Auto renew
10795729874,Brandy Tee
97007599634,Brandy Tee  Auto renew
1352537866298,Brandy Tie Singlet (concord grape)
136005517330,Break Through Tight
206602010642,Breeze Singlet (white)
1352460140602,Brenda Sports Bra (peacoat)
9616507026,Bright White Crop Mesh Hoodie
124135079954,Britney Cargo Jogger
148509523986,Cage Back Tee (white)
163340910610,Cage Back Tee (white)  Auto renew
1352548745274,Callie Seamless Sports Bra (black)
2185241133114,Camille Tummy Control Legging
9805984914,Camo Code Capri
9164064210,Camo Code Powertek Capri July
9164065490,Camo Code Powertek Capri July VIP
9144207634,Can You Say Ombre and Seamless Leggings
1929892659258,Cardio High Waist Legging (deep purple)  Auto renew
9371534354,Candace Crop Tank
1643481301050,Candace Shape Enhancing Legging (black)
1683774210106,Candace Shape Enhancing Legging (black)  Auto renew
1643477106746,Candace Shape Enhancing Legging (coco painter vibe)
1683774341178,Candace Shape Enhancing Legging (coco painter vibe)  Auto renew
197323358226,Canyon Singlet (black)
1469741465658,Canyon Singlet (lotus)
1789798383674,Cardio High Waist Legging (deep purple)
1789798449210,Cardio High Waist Legging (deep purple)
219077083154,Cardio HW Legging (black)
2239076794426,Carisa Long Sleeve (Heather Black)
138254843922,Carolina Shape Enhancing Capri
169179545618,Carrie Criss Cross Tummy Control
192115245074,Carrie Criss Cross Tummy Control  Auto renew
1352773435450,Celeste Ankle (baked apple)
1498356318266,Celeste Ankle (baked apple)  Auto renew
1953732231226,Corey Cocoon (heather blackberry cordial)  Auto renew
1498332332090,Celeste Ankle Legging (atlantic deep)  Auto renew
1643547295802,Celeste Ankle Legging Shape Enhancing (tawny port)
1683774832698,Celeste Ankle Legging Shape Enhancing (tawny port)  Auto renew
2219967742010,Celeste Tee (Waterfall)
2239054053434,Celestial Singlet (Black)
144221077522,Charged Tee (pink blast)
2154575560762,Chase Long Legging
169132949522,Cheryl Tank
138423631890,Chilling Towel
2260863778874,"Chrissy 25"" Legging (Black)"
2260856537146,"Chrissy 25"" Legging (Eclipse/ Smoke Blue)"
2260651802682,Christy Sport Bra (Micro Chip)
1643222630458,Christy Sports Bra (black)
1643219746874,Christy Sports Bra (h charcoal w/ black)
1683773521978,Christy Sports Bra (h charcoal w/ black)  Auto renew
214570205202,Christy Sports Bra (wild plum)
169176334354,Claudia Cage Tank (black)
169177022482,Claudia Cage Tank (marshmallow)
192114950162,Claudia Cage Tee (black)  Auto renew
192114982930,Claudia Cage Tee (marshmallow)  Auto renew
1365483225146,Clio Seamless Bra (white)
1498343800890,Clio Seamless Bra (white)  Auto renew
124085272594,Cold Shoulder Top (black berry)
124085469202,Cold Shoulder Top (black)
96371638290,Cold Shoulder Top (forest night)
1366144122938,Colette Tee (black)
1498333708346,Colette Tee (black)  Auto renew
1366146613306,Colette Tee (cerise)
1498334167098,Colette Tee (cerise)  Auto renew
1675249287226,Colette Tee (coco)
1683777454138,Colette Tee (coco)  Auto renew
9019636498,Color Block Leggings
2089364193338,Color Theory - 3 Item  Auto renew
2089098313786,Color Theory - 5 Item  Auto renew
2076357886010,Color Theory - 5 Items
2076342452282,Color Theory - The November Collection (2018)
2212113186874,Contour Tee (Heather Black)
68673372178,Cozy Wrap
2211121692730,Contour Tee- Heather Magenta Purple
2211124609082,Contour Tee- White
123513929746,Contrast Mesh Bra (black)
163337076754,Contrast Mesh Bra (black)  Auto renew
48971022354,Contrast Mesh Strappy Bra
76285739026,Contrast Mesh Strappy Bra  Auto renew
207606415378,Coralee Ankle Legging (blue curacao)
220166848530,Coralee Ankle Legging (blue curacao)  Auto renew
1892560797754,Corey Cocoon (black)
1953732329530,Corey Cocoon (black)  Auto renew
1892560273466,Corey Cocoon (heather blackberry cordial)
1892560502842,Corey Cocoon (heather charcoal)
1953738948666,Corey Cocoon (heather charcoal)  Auto renew
68669603858,Cozy Legging (cosmic black)
97007861778,Cozy Legging (Plus Size)  Auto renew
38419759122,Cozy Wrap
39622967314,Cozy Wrap
11966545938,Crew Bandage Legging
138256318482,Criss Cross Layering Top
48913612818,Criss Cross Singlet
76285083666,Criss Cross Singlet  Auto renew
22589341714,Criss Cross Singlet (red)
219076558866,Criss Cross Tank (black)
1789892755514,Criss Cross Tank (valerian)
9215304850,Diamond Mesh Sport Bra
1929892855866,Criss Cross Tank (valerian)  Auto renew
10726078098,Cross Over Tee
1352623161402,Crossover Tank (aubergine glow)
1498350256186,Crossover Tank (aubergine glow)  Auto renew
219146387474,Crossover Tank (white)
1316744101946,Crossover Tank (white)  Auto renew
169194979346,Crush Muscle Tee
1352560672826,Diana Capri (black concord grape tropic)
192115114002,Crush Muscle Tee  Auto renew
1892580786234,Cruz Ankle Legging (black)
1953737113658,Cruz Ankle Legging (black)  Auto renew
1892580425786,Cruz Ankle Legging (tawny port)
1953737048122,Cruz Ankle Legging (tawny port)  Auto renew
9164420050,Cut Out Legging
9586427538,Electric Snake Print 7/8 Tight
10552382994,Cut Out Legging  Auto renew
206602403858,Dana Capri (peacoat white floral)
197322473490,Dani Mesh Bra
197864751122,Daphne Legging (black)
210665701394,Daphne Legging (black)  Auto renew
144197156882,Dash Tank (heather grey)
9164581266,December Box
9164582866,December VIP Box
169133342738,Define Ankle Tight
2260855062586,Delain Seamless Sport Bra (Black)
2260842741818,Delain Seamless Sport Bra (Desert Flower)
2260845068346,Delain Seamless Sport Bra (Fair Aqua)
2260850212922,Delain Seamless Sport Bra (White)
169174827026,Element Long Bra (black)
10666726034,Delphy Draped Back Tee
197983830034,Desert Sage - 5 Item
197985992722,Desert Sage - The April Collection (2018)
1675246633018,Desi Drape Cardigan (tawny port)
1683776962618,Desi Drape Cardigan (tawny port)  Auto renew
2154540859450,Desi Draped Cardigan
206603157522,Devon Ankle Legging (black)
91372617746,Dip Dye Legging
1352905687098,Dolman Side Tie Tee (heather charcoal)
1498357661754,Dolman Side Tie Tee (heather charcoal)  Auto renew
1352916172858,Dolman Side Tie Tee (heather concord grape)
1498358153274,Dolman Side Tie Tee (heather concord grape)  Auto renew
1352908439610,Dolman Side Tie Tee (heather georgia peach)
1498358743098,Dolman Side Tie Tee (heather georgia peach)  Auto renew
10796272722,Dora Seamless Sports Bra
217173000210,Dorothy Sports Bra (sleet)
1892528848954,Elara Jogger (heather coco)
96249479186,Double Layer Racerback
9586434834,Drape Drop Top
9318221202,Drop Top Tee
1352426094650,Dry Waist Pack
2092443435066,Eclipse Hoodie
1892581802042,Eclipse Hoodie (black)
1953737015354,Eclipse Hoodie (black)  Auto renew
2092446744634,Eclipse Hoodie - AUTO RENEW
197873139730,Effie Tank (black)
220167274514,Effie Tank (black)  Auto renew
1892070817850,Elara Jogger
84079804434,Ellie Cozy - The November Collection (2017)
8204555081,Ellie Cozy 5 Item Activewear Collection
10870682450,Ellie Fit to Be Seen - The November Collection (2017)
10870327954,Ellie Fit To Be Seen Activewear Collection
78480408594,Ellie Go Time - 5 Item Activewear Collection
52386037778,Ellie Go Time - The December Collection (2017)
44383469586,Ellie Go Time Activewear Collection
41927213074,Ellie Namaslay - The September Collection (2017)
69026316306,Ellie Power Moves - 5 Item Activewear Collection
9979300114,Ellie Rose Gold Drawstring Bag
2168908415034,Ellie Rose Gold Drawstring Bag  Auto renew
10002154258,Ellie Shipping Bags (12 x 15.5)
10002158226,Ellie Shipping Bags 2 (14.5 x 19)
10002146514,Ellie Shipping Box
9596299218,Ellie Water Bottle - Rose Gold
48906534930,Elliot Mesh Hoodie
207606677522,Elliot Tank (black)
220166946834,Elliot Tank (black)  Auto renew
2259043319866,Ellis Hoodie (Heather Light Grey)
123505541138,Ember Legging
1352717762618,Embossed Mid Calf Capri (harbor blue texture)
1498253688890,Embossed Mid Calf Capri (harbor blue texture)  Auto renew
1352718516282,Embossed Mid Calf Capri (wild plum brush stroke)
1498353729594,Embossed Mid Calf Capri (wild plum brush stroke)  Auto renew
1469682974778,Emma Singlet (heather charcoal)
197322833938,Empower Tee
169181741074,Engineered Ankle Tight (black)
186373799954,Engineered Ankle Tight (black)  Auto renew
169181675538,Engineered Ankle Tight (blue)
192115048466,Engineered Ankle Tight (blue)  Auto renew
2076687859770,Enza Pullover
1549418201146,Eva bra - june 18 sub
2260865646650,Evangelista Legging (Black)
137207971858,Eveny Seamless Sports Bra
2239083479098,Evita Embroidered Legging (Black)
2239094652986,Evita Embroidered Legging (Eclipse)
2076598403130,Evy Long Sleeve Layering Top
207607201810,Evy Twist Tank (concord grape)
220167012370,Evy Twist Tank (concord grape)  Auto renew
207607103506,Evy Twist Tank (sea spray)
220167438354,Evy Twist Tank (sea spray)  Auto renew
207607037970,Evy Twist Tank (starry night)
220167503890,Evy Twist Tank (starry night)  Auto renew
10111016914,Exhale Drape Back Tee (heather black)
1868065112122,Faded Hoodie
1316740202554,Fast Lane Ankle Tight (black)  Auto renew
217174310930,Fast Lane Capri (black)
2227262881850,Fierce & Floral - 3 Items
2236718448698,Fierce & Floral - 3 Items  Auto renew
2227259342906,Fierce & Floral - 5 Items
2237890625594,Fierce & Floral - 5 Items  Auto renew
137297428498,Fighter Tee
1352428945466,Figure 8 Jelly Resistance Band
91235975186,Fit & Fierce - 5 Item
91236171794,Fit & Fierce - The January Collection (2018)
174786510866,Fitness Bands
197860327442,Fleur Cold Shoulder Tee (cabbage)
210664030226,Fleur Cold Shoulder Tee (cabbage)  Auto renew
197860294674,Fleur Cold Shoulder Tee (white)
210664062994,Fleur Cold Shoulder Tee (white)  Auto renew
144200990738,Fleur Tee (marshmallow)
2076709912634,Floral High Waist Legging
97027489810,Formation Top
97027162130,Formation Top (burnt olive)
96182960146,Freya Legging
163337338898,Freya Legging  Auto renew
96182730770,Freya Legging (blk/juniper)
219145404434,Fusion Capri (blk/desert flower)
1316742594618,Fusion Capri (blk/desert flower)  Auto renew
1892567121978,Galaxy Hoodie (black/iron space dye)
1953738981434,Galaxy Hoodie (black/iron space dye)  Auto renew
1892567449658,Galaxy Hoodie (tawny port)
219147796498,Game On Singlet (coral reef)
1316745314362,Game On Singlet (coral reef)  Auto renew
169198551058,Game on Singlet (white)
192115343378,Game on Singlet (white)  Auto renew
